ID,City,Age,First Name,Last Name,Project,Cost,Status,Designation Level,TotalProjCost
A001,Paris,25,Mr. John,Alter,Project 1,1002000.0,Finished,2,1052100.0
A001,Paris,25,Mr. John,Alter,Project 9,1321714.0,Ongoing,2,1321714.0
A001,Paris,25,Mr. John,Alter,Project 11,2000000.0,Failed,1,2000000.0
A002,London,27,Mrs. Alice,Luxumberg,Project 2,2000000.0,Ongoing,2,2000000.0
A003,Berlin,29,Mr. Tom,Sabestine,Project 3,4500000.0,Finished,3,4725000.0
A003,Berlin,29,Mr. Tom,Sabestine,Project 4,500000.0,Ongoing,3,500000.0
A003,Berlin,29,Mr. Tom,Sabestine,Project 8,350000.0,Failed,2,350000.0
A003,Berlin,29,Mr. Tom,Sabestine,Project 10,300000.0,Finished,3,315000.0
A003,Berlin,29,Mr. Tom,Sabestine,Project 12,1287371.0,Ongoing,3,1287371.0
A004,Newyork,31,Mrs. Nina,Adgra,Project 5,500000.0,Finished,3,525000.0
A004,Newyork,31,Mrs. Nina,Adgra,Project 13,3000000.0,Finished,3,3150000.0
A004,Newyork,31,Mrs. Nina,Adgra,Project 14,2000000.0,Finished,3,2100000.0
A005,Madrid,30,Mrs. Amy,Johny,Project 7,400000.0,Finished,4,420000.0
A005,Madrid,30,Mrs. Amy,Johny,Project 14,200000.0,Finished,4,210000.0
